Date,Equity
2016-04-04,5000.0
2016-04-05,5000.0
2016-04-06,5000.0
2016-04-07,5000.0
2016-04-08,5000.0
2016-04-11,5000.0
2016-04-12,5000.0
2016-04-13,5000.0
2016-04-14,5000.0
2016-04-15,5000.0
2016-04-18,5000.0
2016-04-19,5000.0
2016-04-20,5000.0
2016-04-21,5000.0
2016-04-22,5000.0
2016-04-25,5000.0
2016-04-26,5000.0
2016-04-27,5000.0
2016-04-28,5000.0
2016-04-29,5396.83
2016-05-02,5238.1
2016-05-03,5079.37
2016-05-04,4920.63
2016-05-05,4841.27
2016-05-06,4841.27
2016-05-09,5079.37
2016-05-10,5079.37
2016-05-11,4761.9
2016-05-12,4682.54
2016-05-13,4523.81
2016-05-16,4761.9
2016-05-17,4444.44
2016-05-18,4682.54
2016-05-19,4603.17
2016-05-20,4761.9
2016-05-23,4761.9
2016-05-24,4920.63
2016-05-25,4920.63
2016-05-26,4841.27
2016-05-27,4841.27
2016-05-31,4920.63
2016-06-01,5000.0
2016-06-02,5000.0
2016-06-03,4841.27
2016-06-06,5476.19
2016-06-07,5317.46
2016-06-08,5238.1
2016-06-09,5158.73
2016-06-10,4920.63
2016-06-13,5238.1
2016-06-14,5555.56
2016-06-15,6269.84
2016-06-16,6190.48
2016-06-17,5952.38
2016-06-20,6109.38
2016-06-21,5897.77
2016-06-22,5911.42
2016-06-23,5870.47
2016-06-24,5576.94
2016-06-27,5399.46
2016-06-28,5699.81
2016-06-29,5911.42
2016-06-30,6068.43
2016-07-01,6068.43
2016-07-05,5829.51
2016-07-06,5863.64
2016-07-07,5863.64
2016-07-08,6218.6
2016-07-11,6293.69
2016-07-12,6280.03
2016-07-13,6225.43
2016-07-14,6320.99
2016-07-15,6716.91
2016-07-18,7010.43
2016-07-19,7051.39
2016-07-20,6887.56
2016-07-21,6955.82
2016-07-22,7235.69
2016-07-25,7269.82
2016-07-26,7338.08
2016-07-27,7338.08
2016-07-28,7351.74
2016-07-29,7303.95
2016-08-01,7283.48
2016-08-02,7160.6
2016-08-03,7024.08
2016-08-04,8054.83
2016-08-05,8054.83
2016-08-08,8447.75
2016-08-09,8465.55
2016-08-10,8542.7
2016-08-11,8207.4
2016-08-12,8029.37
2016-08-15,8014.53
2016-08-16,7762.31
2016-08-17,7643.62
2016-08-18,7572.41
2016-08-19,7477.46
2016-08-22,7708.9
2016-08-23,7676.26
2016-08-24,7622.85
2016-08-25,7658.46
2016-08-26,7533.83
2016-08-29,7584.28
2016-08-30,7616.92
2016-08-31,7661.43
2016-09-01,7572.41
2016-09-02,7530.87
2016-09-06,7450.75
2016-09-07,7590.21
2016-09-08,7516.03
2016-09-09,7388.44
2016-09-12,7432.95
2016-09-13,7388.44
2016-09-14,7418.11
2016-09-15,7572.41
2016-09-16,7652.52
2016-09-19,7673.3
2016-09-20,7697.03
2016-09-21,7723.74
2016-09-22,7744.51
2016-09-23,7726.71
2016-09-26,7720.77
2016-09-27,7762.31
2016-09-28,7851.33
2016-09-29,7756.38
2016-09-30,7732.64
2016-10-03,7679.23
2016-10-04,7771.21
2016-10-05,7714.84
2016-10-06,7711.87
2016-10-07,7723.74
2016-10-10,7833.53
2016-10-11,7759.34
2016-10-12,7794.95
2016-10-13,7747.48
2016-10-14,7723.74
2016-10-17,7800.89
2016-10-18,7777.15
2016-10-19,7789.02
2016-10-20,7741.54
2016-10-21,7717.8
2016-10-24,7907.71
2016-10-25,8055.52
2016-10-26,8095.31
2016-10-27,8265.86
2016-10-28,8049.83
2016-10-31,8140.79
2016-11-01,8055.52
2016-11-02,8066.93
2016-11-03,7998.42
2016-11-04,8032.68
2016-11-07,8124.02
2016-11-08,8215.37
2016-11-09,8529.37
2016-11-10,8563.63
2016-11-11,8946.13
2016-11-14,9031.77
2016-11-15,9305.81
2016-11-16,9642.64
2016-11-17,9741.84
2016-11-18,9602.96
2016-11-21,9642.64
2016-11-22,9602.96
2016-11-23,9622.8
2016-11-25,9741.84
2016-11-28,9642.64
2016-11-29,9821.21
2016-11-30,9642.64
2016-12-01,9781.52
2016-12-02,9722.0
2016-12-05,9860.89
2016-12-06,9801.36
2016-12-07,9325.18
2016-12-08,10138.66
2016-12-09,10475.95
2016-12-12,10475.95
2016-12-13,10475.95
2016-12-14,10475.95
2016-12-15,10475.95
2016-12-16,10569.07
2016-12-19,10627.27
2016-12-20,10534.15
2016-12-21,10487.59
2016-12-22,10150.04
2016-12-23,10347.91
2016-12-27,10638.91
2016-12-28,10743.67
2016-12-29,11314.03
2016-12-30,10580.71
2017-01-03,11337.31
2017-01-04,11546.83
2017-01-05,13083.3
2017-01-06,13083.3
2017-01-09,13554.12
2017-01-10,13798.58
2017-01-11,13680.88
2017-01-12,13708.04
2017-01-13,13771.42
2017-01-17,13843.85
2017-01-18,13852.91
2017-01-19,13472.63
2017-01-20,13545.07
2017-01-23,13345.87
2017-01-24,13563.17
2017-01-25,13907.23
2017-01-26,13698.98
2017-01-27,13282.49
2017-01-30,13363.98
2017-01-31,13680.88
2017-02-01,13599.39
2017-02-02,13617.5
2017-02-03,13572.23
2017-02-06,13753.31
2017-02-07,13409.25
2017-02-08,13626.55
2017-02-09,14015.88
2017-02-10,14215.07
2017-02-13,13861.96
2017-02-14,14015.88
2017-02-15,14015.88
2017-02-16,13644.66
2017-02-17,13843.85
2017-02-21,14097.37
2017-02-22,13979.66
2017-02-23,13363.98
2017-02-24,13807.64
2017-02-27,14305.61
2017-02-28,14501.81
2017-03-01,14967.35
2017-03-02,14405.37
2017-03-03,14049.56
2017-03-06,13816.79
2017-03-07,13653.85
2017-03-08,13557.41
2017-03-09,13464.3
2017-03-10,13401.12
2017-03-13,13730.33
2017-03-14,13414.42
2017-03-15,13401.12
2017-03-16,13560.73
2017-03-17,13567.38
2017-03-20,13683.78
2017-03-21,13224.87
2017-03-22,13384.5
2017-03-23,13490.9
2017-03-24,13633.89
2017-03-27,13637.22
2017-03-28,13650.52
2017-03-29,13760.26
2017-03-30,13730.33
2017-03-31,13750.28
2017-04-03,13753.6
2017-04-04,13730.33
2017-04-05,14009.66
2017-04-06,14298.96
2017-04-07,14305.61
2017-04-10,14412.02
2017-04-11,14445.28
2017-04-12,14458.57
2017-04-13,13693.75
2017-04-17,13996.35
2017-04-18,14056.21
2017-04-19,14076.16
2017-04-20,14102.77
2017-04-21,14062.86
2017-04-24,14172.6
2017-04-25,14332.21
2017-04-26,14465.23
2017-04-27,14636.08
2017-04-28,14142.51
2017-05-01,14256.41
2017-05-02,14009.63
2017-05-03,13914.71
2017-05-04,13743.86
2017-05-05,13800.81
2017-05-08,13952.68
2017-05-09,13914.71
2017-05-10,13952.68
2017-05-11,13952.68
2017-05-12,13762.85
2017-05-15,14009.63
2017-05-16,14066.58
2017-05-17,13516.06
2017-05-18,13592.0
2017-05-19,13819.8
2017-05-22,13971.66
2017-05-23,13952.68
2017-05-24,14104.55
2017-05-25,14199.46
2017-05-26,14085.56
2017-05-30,14199.46
2017-05-31,13895.73
2017-06-01,14465.23
2017-06-02,14484.21
2017-06-05,14237.43
2017-06-06,14294.38
2017-06-07,14465.23
2017-06-08,14920.82
2017-06-09,14541.16
2017-06-12,14427.26
2017-06-13,14389.29
2017-06-14,14332.34
2017-06-15,14541.16
2017-06-16,14237.43
2017-06-19,14389.29
2017-06-20,14123.53
2017-06-21,14484.21
2017-06-22,14465.23
2017-06-23,15091.67
2017-06-26,15371.55
2017-06-27,15995.88
2017-06-28,16175.29
2017-06-29,16261.4
2017-06-30,16390.58
2017-07-03,16634.57
2017-07-05,15852.36
2017-07-06,15615.54
2017-07-07,15802.12
2017-07-10,16082.0
2017-07-11,16261.4
2017-07-12,16168.11
2017-07-13,16397.75
2017-07-14,17108.2
2017-07-17,17251.73
2017-07-18,17014.91
2017-07-19,17775.59
2017-07-20,17711.01
2017-07-21,17545.95
2017-07-24,17682.3
2017-07-25,17725.36
2017-07-26,17840.18
2017-07-27,18285.11
2017-07-28,18414.28
2017-07-31,18407.1
2017-08-01,18184.64
2017-08-02,18155.93
2017-08-03,18378.4
2017-08-04,18686.98
2017-08-07,18306.64
2017-08-08,17624.89
2017-08-09,17438.31
2017-08-10,16756.57
2017-08-11,16641.75
2017-08-14,16620.22
2017-08-15,16297.28
2017-08-16,15916.94
2017-08-17,15960.0
2017-08-18,16196.82
2017-08-21,16211.17
2017-08-22,16160.94
2017-08-23,16132.04
2017-08-24,16095.92
2017-08-25,16840.03
2017-08-28,16153.71
2017-08-29,16327.1
2017-08-30,16168.16
2017-08-31,16290.97
2017-09-01,16616.07
2017-09-05,17244.59
2017-09-06,17490.22
2017-09-07,17649.16
2017-09-08,17569.69
2017-09-11,18039.27
2017-09-12,18321.03
2017-09-13,18624.45
2017-09-14,18624.45
2017-09-15,19075.03
2017-09-18,19225.23
2017-09-19,19150.13
2017-09-20,19150.13
2017-09-21,19225.23
2017-09-22,19375.42
2017-09-25,20426.81
2017-09-26,20727.2
2017-09-27,21102.7
2017-09-28,21403.09
2017-09-29,20952.5
2017-10-02,21403.09
2017-10-03,21628.39
2017-10-04,21027.6
2017-10-05,21478.19
2017-10-06,21327.99
2017-10-09,21252.89
2017-10-10,21628.39
2017-10-11,21478.19
2017-10-12,21252.89
2017-10-13,21102.7
2017-10-16,21327.99
2017-10-17,21327.99
2017-10-18,21403.09
2017-10-19,21478.19
2017-10-20,21628.39
2017-10-23,21628.39
2017-10-24,21703.49
2017-10-25,21703.49
2017-10-26,21778.58
2017-10-27,21478.19
2017-10-30,21102.7
2017-10-31,21102.7
2017-11-01,21177.79
2017-11-02,21693.58
2017-11-03,21466.03
2017-11-06,21390.17
2017-11-07,20631.66
2017-11-08,20859.22
2017-11-09,21132.28
2017-11-10,21390.17
2017-11-13,21466.03
2017-11-14,21541.88
2017-11-15,21390.17
2017-11-16,21693.58
2017-11-17,21996.99
2017-11-20,21996.99
2017-11-21,23310.58
2017-11-22,23266.05
2017-11-24,22843.03
2017-11-27,22286.43
2017-11-28,22843.03
2017-11-29,22954.35
2017-11-30,22976.61
2017-12-01,23577.75
2017-12-04,24535.11
2017-12-05,23867.18
2017-12-06,22486.8
2017-12-07,22219.63
2017-12-08,22330.95
2017-12-11,23533.22
2017-12-12,23421.9
2017-12-13,22843.03
2017-12-14,22887.56
2017-12-15,22887.56
2017-12-18,24023.03
2017-12-19,23221.52
2017-12-20,23911.71
2017-12-21,24735.48
2017-12-22,24490.58
2017-12-26,24980.39
2017-12-27,24624.16
2017-12-28,24446.05
2017-12-29,24557.37
2018-01-02,25715.11
2018-01-03,25715.11
2018-01-04,25715.11
2018-01-05,25715.11
2018-01-08,25715.11
2018-01-09,25832.55
2018-01-10,27071.62
2018-01-11,27130.35
2018-01-12,28140.4
2018-01-16,27400.48
2018-01-17,27241.92
2018-01-18,27036.39
2018-01-19,28287.2
2018-01-22,28469.25
2018-01-23,29162.19
2018-01-24,29420.57
2018-01-25,28956.65
2018-01-26,28616.06
2018-01-29,28081.67
2018-01-30,27376.99
2018-01-31,27600.14
2018-02-01,28480.99
2018-02-02,28011.2
2018-02-05,26983.54
2018-02-06,26989.41
2018-02-07,26913.07
2018-02-08,26102.68
2018-02-09,26214.26
2018-02-12,26572.47
2018-02-13,26255.36
2018-02-14,26995.28
2018-02-15,27535.54
2018-02-16,26889.58
2018-02-20,26272.98
2018-02-21,26425.67
2018-02-22,26243.62
2018-02-23,26578.34
2018-02-26,26877.83
2018-02-27,26548.98
2018-02-28,26290.6
2018-03-01,26314.09
2018-03-02,26836.73
2018-03-05,26901.33
2018-03-06,26913.07
2018-03-07,27106.86
2018-03-08,25985.24
2018-03-09,26020.47
2018-03-12,26161.4
2018-03-13,26519.62
2018-03-14,25920.64
2018-03-15,25809.07
2018-03-16,25844.3
2018-03-19,25351.02
2018-03-20,25292.3
2018-03-21,25280.55
2018-03-22,24875.36
2018-03-23,24464.29
2018-03-26,24487.78
2018-03-27,24200.04
2018-03-28,24810.76
2018-03-29,24511.27
2018-04-02,23542.33
2018-04-03,23894.67
2018-04-04,23841.82
2018-04-05,24405.57
2018-04-06,24417.32
2018-04-09,24669.83
2018-04-10,25045.66
2018-04-11,24534.76
2018-04-12,24458.42
2018-04-13,24963.44
2018-04-16,25104.38
2018-04-17,25104.38
2018-04-18,24969.32
2018-04-19,25063.27
2018-04-20,24740.3
2018-04-23,24487.78
2018-04-24,24722.67
2018-04-25,24669.83
2018-04-26,24986.93
2018-04-27,25433.23
2018-04-30,24951.7
2018-05-01,24910.59
2018-05-02,24710.93
2018-05-03,24041.48
2018-05-04,24252.88
2018-05-07,24564.12
2018-05-08,24387.95
2018-05-09,24123.7
2018-05-10,24282.25
2018-05-11,24188.29
2018-05-14,23847.69
2018-05-15,23489.48
2018-05-16,23706.76
2018-05-17,23536.46
2018-05-18,22344.37
2018-05-21,23706.76
2018-05-22,24094.33
2018-05-23,23976.89
2018-05-24,24264.63
2018-05-25,23882.92
2018-05-29,24070.84
2018-05-30,24340.97
2018-05-31,24452.55
2018-06-01,24481.91
2018-06-04,25621.15
2018-06-05,25956.5
2018-06-06,26224.79
2018-06-07,26124.18
2018-06-08,26057.11
2018-06-11,26392.47
2018-06-12,26660.75
2018-06-13,26929.03
2018-06-14,27566.21
2018-06-15,26660.75
2018-06-18,26627.21
2018-06-19,26392.47
2018-06-20,26426.0
2018-06-21,26057.11
2018-06-22,26291.86
2018-06-25,25721.75
2018-06-26,25587.61
2018-06-27,25252.26
2018-06-28,25051.04
2018-06-29,25487.01
2018-07-02,25151.65
2018-07-03,26493.07
2018-07-05,27096.71
2018-07-06,27532.68
2018-07-09,27532.68
2018-07-10,28337.52
2018-07-11,28337.52
2018-07-12,28337.52
2018-07-13,28337.52
2018-07-16,28608.27
2018-07-17,29059.5
2018-07-18,29239.99
2018-07-19,29736.35
2018-07-20,30007.09
2018-07-23,29646.1
2018-07-24,29555.86
2018-07-25,29849.16
2018-07-26,30368.08
2018-07-27,30210.15
2018-07-30,29600.98
2018-07-31,27886.29
2018-08-01,28111.91
2018-08-02,28472.89
2018-08-03,28269.84
2018-08-06,28427.77
2018-08-07,28653.39
2018-08-08,28766.2
2018-08-09,28518.02
2018-08-10,28382.65
2018-08-13,27886.29
2018-08-14,27006.38
2018-08-15,26758.2
2018-08-16,26532.59
2018-08-17,26329.53
2018-08-20,26261.85
2018-08-21,26667.96
2018-08-22,26645.4
2018-08-23,26464.9
2018-08-24,26893.57
2018-08-27,27119.19
2018-08-28,27164.31
2018-08-29,27232.0
2018-08-30,27028.94
2018-08-31,27570.43
2018-09-04,27186.88
2018-09-05,27141.75
2018-09-06,26577.71
2018-09-07,26126.47
2018-09-10,25878.3
2018-09-11,25562.43
2018-09-12,25562.43
2018-09-13,25449.62
2018-09-14,25539.87
2018-09-17,25224.01
2018-09-18,25156.32
2018-09-19,25088.64
2018-09-20,25833.17
2018-09-21,25404.5
2018-09-24,25404.5
2018-09-25,25066.07
2018-09-26,24682.52
2018-09-27,24614.84
2018-09-28,24614.84
2018-10-01,24163.61
2018-10-02,23689.81
2018-10-03,23554.44
2018-10-04,22990.39
2018-10-05,22245.86
2018-10-08,21907.43
2018-10-09,21839.75
2018-10-10,21162.9
2018-10-11,20779.35
2018-10-12,20711.66
2018-10-15,20847.03
2018-10-16,21433.64
2018-10-17,21162.9
2018-10-18,20598.85
2018-10-19,20057.37
2018-10-22,20305.55
2018-10-23,20463.48
2018-10-24,19087.22
2018-10-25,18925.71
2018-10-26,19028.49
2018-10-29,18382.46
2018-10-30,18617.38
2018-10-31,18852.3
2018-11-01,21172.13
2018-11-02,21935.62
2018-11-05,23330.45
2018-11-06,23403.86
2018-11-07,23080.85
2018-11-08,22067.76
2018-11-09,20775.7
2018-11-12,20217.77
2018-11-13,19938.8
2018-11-14,20305.86
2018-11-15,21377.68
2018-11-16,21392.37
2018-11-19,21363.0
2018-11-20,20129.67
2018-11-21,20320.55
2018-11-23,19747.93
2018-11-26,19953.48
2018-11-27,19762.61
2018-11-28,20438.01
2018-11-29,20746.34
2018-11-30,19806.66
2018-12-03,21289.59
2018-12-04,21128.08
2018-12-06,20526.1
2018-12-07,19791.98
2018-12-10,18705.47
2018-12-11,17971.35
2018-12-12,18617.38
2018-12-13,17912.62
2018-12-14,17428.1
2018-12-17,17413.41
2018-12-18,17295.96
2018-12-19,15974.53
2018-12-20,15680.88
2018-12-21,15901.12
2018-12-24,15240.41
2018-12-26,16738.02
2018-12-27,16855.48
2018-12-28,16826.12
2018-12-31,17090.4
2019-01-02,17692.38
2019-01-03,17354.69
2019-01-04,17883.26
2019-01-07,18705.47
2019-01-08,19395.55
2019-01-09,19454.28
2019-01-10,19483.65
2019-01-11,19601.1
2019-01-14,19689.2
2019-01-15,19557.06
2019-01-16,19674.52
2019-01-17,19894.75
2019-01-18,20159.04
2019-01-22,19468.96
2019-01-23,18925.71
2019-01-24,19292.77
2019-01-25,19850.71
2019-01-28,19791.98
2019-01-29,19791.98
2019-01-30,20203.09
2019-01-31,19865.39
2019-02-01,20159.04
2019-02-04,20291.18
2019-02-05,20379.28
2019-02-06,20335.23
2019-02-07,19571.74
2019-02-08,19454.28
2019-02-11,19674.52
2019-02-12,20012.21
2019-02-13,20056.26
2019-02-14,21245.54
2019-02-15,22170.54
2019-02-19,22170.54
2019-02-20,22170.54
2019-02-21,22170.54
2019-02-22,22170.54
2019-02-25,22170.54
2019-02-26,22170.54
2019-02-27,22170.54
2019-02-28,23065.96
2019-03-01,23981.84
2019-03-04,24815.86
2019-03-05,24508.86
2019-03-06,23869.27
2019-03-07,23700.42
2019-03-08,24150.69
2019-03-11,24984.71
2019-03-12,25174.02
2019-03-13,25235.42
2019-03-14,25122.86
2019-03-15,25271.24
2019-03-18,25445.21
2019-03-19,25066.57
2019-03-20,24964.24
2019-03-21,25266.12
2019-03-22,24017.65
2019-03-25,23838.57
2019-03-26,23582.74
2019-03-27,23086.42
2019-03-28,23255.27
2019-03-29,23505.99
2019-04-01,24273.49
2019-04-02,24155.81
2019-04-03,24519.09
2019-04-04,25409.39
2019-04-05,25593.59
2019-04-08,25291.71
2019-04-09,24380.94
2019-04-10,24150.69
2019-04-11,24155.81
2019-04-12,25076.81
2019-04-15,24907.96
2019-04-16,24989.82
2019-04-17,24954.01
2019-04-18,24800.51
2019-04-22,24560.02
2019-04-23,25189.37
2019-04-24,26197.36
2019-04-25,26675.66
2019-04-26,27565.12
2019-04-29,27699.38
2019-04-30,27254.65
2019-05-01,26784.74
2019-05-02,23621.26
2019-05-03,20978.03
2019-05-06,22664.66
2019-05-07,23075.83
2019-05-08,22908.0
2019-05-09,22874.44
2019-05-10,22278.66
2019-05-13,20491.34
2019-05-14,21422.76
2019-05-15,20961.24
2019-05-16,20978.03
2019-05-17,20172.47
2019-05-20,20247.99
2019-05-21,20776.64
2019-05-22,20382.25
2019-05-23,20155.69
2019-05-24,20717.9
2019-05-28,20138.9
2019-05-29,19786.47
2019-05-30,20298.34
2019-05-31,19442.43
2019-06-03,19366.91
2019-06-04,20147.3
2019-06-05,20944.46
2019-06-06,21422.76
2019-06-07,22723.4
2019-06-10,22068.88
2019-06-11,22345.79
2019-06-12,22161.19
2019-06-13,22236.71
2019-06-14,22077.27
2019-06-17,22673.05
2019-06-18,23839.43
2019-06-19,23914.95
2019-06-20,24661.77
2019-06-21,24359.68
2019-06-24,24015.64
2019-06-25,24552.68
2019-06-26,24899.72
2019-06-27,24986.47
2019-06-28,26866.24
2019-07-01,26837.32
2019-07-02,24494.84
2019-07-03,25304.59
2019-07-05,25767.3
2019-07-08,26548.13
2019-07-09,26201.09
2019-07-10,26316.77
2019-07-11,26374.61
2019-07-12,25304.59
2019-07-15,24986.47
2019-07-16,25449.19
2019-07-17,25304.59
2019-07-18,26316.77
2019-07-19,26201.09
2019-07-22,26085.42
2019-07-23,26895.16
2019-07-24,26605.97
2019-07-25,26027.58
2019-07-26,26230.01
2019-07-29,25940.82
2019-07-30,26866.24
2019-07-31,26114.34
2019-08-01,26692.73
2019-08-02,26056.5
2019-08-05,25015.39
2019-08-06,25217.83
2019-08-07,25217.83
2019-08-08,26577.05
2019-08-09,25449.19
2019-08-12,26230.01
2019-08-13,26953.0
2019-08-14,25333.51
2019-08-15,26027.58
2019-08-16,26027.58
2019-08-19,26432.45
2019-08-20,26230.01
2019-08-21,26027.58
2019-08-22,26172.17
2019-08-23,25882.98
2019-08-26,26866.24
2019-08-27,26287.85
2019-08-28,27010.84
2019-08-29,27531.39
2019-08-30,31160.01
2019-09-03,31332.8
2019-09-04,31735.98
2019-09-05,30526.44
2019-09-06,30756.83
2019-09-09,31217.61
2019-09-10,31563.19
2019-09-11,31390.4
2019-09-12,31160.01
2019-09-13,33924.67
2019-09-16,33636.68
2019-09-17,32599.93
2019-09-18,32830.32
2019-09-19,32945.52
2019-09-20,31735.98
2019-09-23,31390.4
2019-09-24,32830.32
2019-09-25,32081.56
2019-09-26,31793.58
2019-09-27,31505.59
2019-09-30,31505.59
2019-10-01,32081.56
2019-10-02,31102.41
2019-10-03,32254.35
2019-10-04,35882.97
2019-10-07,35435.89
2019-10-08,35571.96
2019-10-09,34619.48
2019-10-10,34230.72
2019-10-11,35251.23
2019-10-14,35455.33
2019-10-15,40101.06
2019-10-16,42044.89
2019-10-17,43774.89
2019-10-18,40898.03
2019-10-21,42802.98
2019-10-22,42025.45
2019-10-23,44669.05
2019-10-24,45271.63
2019-10-25,45524.33
2019-10-28,44649.61
2019-10-29,46243.55
2019-10-30,44358.04
2019-10-31,46807.25
2019-11-01,48148.49
2019-11-04,49042.65
2019-11-05,50228.38
2019-11-06,50072.88
2019-11-07,45232.76
2019-11-08,49489.73
2019-11-11,48731.64
2019-11-12,47759.73
2019-11-13,49956.25
2019-11-14,51161.42
2019-11-15,53805.02
2019-11-18,51450.15
2019-11-19,49666.17
2019-11-20,47953.54
2019-11-21,48881.21
2019-11-22,52877.34
2019-11-25,53662.3
2019-11-26,52877.34
2019-11-27,53020.06
2019-11-29,52948.7
2019-12-02,53305.5
2019-12-03,51378.79
2019-12-04,50379.76
2019-12-05,49737.53
2019-12-06,50665.2
2019-12-09,50451.12
2019-12-10,50593.84
2019-12-11,51378.79
2019-12-12,54090.45
2019-12-13,52948.7
2019-12-16,53091.42
2019-12-17,52805.98
2019-12-18,56231.24
2019-12-19,55232.2
2019-12-20,54661.33
2019-12-23,54304.53
2019-12-24,55160.85
2019-12-26,55018.13
2019-12-27,54019.1
2019-12-30,54161.81
2019-12-31,54946.77
2020-01-02,55517.64
2020-01-03,54233.17
2020-01-06,53448.22
2020-01-07,53162.78
2020-01-08,53234.14
2020-01-09,52805.98
2020-01-10,51022.0
2020-01-13,52877.34
2020-01-14,52805.98
2020-01-15,52948.7
2020-01-16,54090.45
2020-01-17,54589.97
2020-01-21,53876.38
2020-01-22,53234.14
2020-01-23,53234.14
2020-01-24,53162.78
2020-01-27,51592.87
2020-01-28,52805.98
2020-01-29,51949.67
2020-01-30,51735.59
2020-01-31,50165.69
2020-02-03,52449.19
2020-02-04,55874.44
2020-02-05,56967.62
2020-02-06,56019.7
2020-02-07,55346.98
2020-02-10,56027.34
2020-02-11,55782.71
2020-02-12,55346.98
2020-02-13,55645.13
2020-02-14,55239.95
2020-02-18,57518.05
2020-02-19,55637.47
2020-02-20,55278.17
2020-02-21,55025.9
2020-02-24,54582.51
2020-02-25,52984.78
2020-02-26,57235.21
2020-02-27,55805.64
2020-02-28,57380.42
2020-03-02,57487.46
2020-03-03,57456.9
2020-03-04,57342.21
2020-03-05,55377.55
2020-03-06,55499.87
2020-03-09,53703.38
2020-03-10,54169.71
2020-03-11,50485.0
2020-03-12,42901.55
2020-03-13,43677.06
2020-03-16,39419.48
2020-03-17,43289.31
2020-03-18,38620.7
2020-03-19,38729.1
2020-03-20,40107.3
2020-03-23,36499.19
2020-03-24,40974.49
2020-03-25,42739.83
2020-03-26,46146.63
2020-03-27,43343.76
2020-03-30,43436.67
2020-03-31,42925.65
2020-04-01,37769.0
2020-04-02,35229.39
2020-04-03,31001.86
2020-04-06,35647.5
2020-04-07,37985.8
2020-04-08,41005.46
2020-04-09,43049.54
2020-04-13,42600.46
2020-04-14,43126.97
2020-04-15,39828.56
2020-04-16,37583.18
2020-04-17,41067.4
2020-04-20,40231.19
2020-04-21,38125.17
2020-04-22,37474.78
2020-04-23,37738.03
2020-04-24,38914.92
2020-04-27,41268.71
2020-04-28,42724.34
2020-04-29,45666.58
2020-04-30,42956.62
2020-05-01,41640.36
2020-05-04,41005.46
2020-05-05,40881.57
2020-05-06,38837.5
2020-05-07,40308.61
2020-05-08,53254.45
2020-05-11,53254.45
2020-05-12,53254.45
2020-05-13,53254.45
2020-05-14,52878.68
2020-05-15,52941.31
2020-05-18,57074.74
2020-05-19,53922.47
2020-05-20,58243.79
2020-05-21,56719.85
2020-05-22,56490.21
2020-05-26,61062.03
2020-05-27,63692.4
2020-05-28,63316.63
2020-05-29,63441.89
2020-06-01,64172.54
2020-06-02,66510.65
2020-06-03,66802.91
2020-06-04,70477.07
2020-06-05,75069.77
2020-06-08,75069.77
2020-06-09,75069.77
2020-06-10,75069.77
2020-06-11,75069.77
2020-06-12,75069.77
2020-06-15,75069.77
2020-06-16,75069.77
2020-06-17,75069.77
2020-06-18,75069.77
2020-06-19,75069.77
2020-06-22,75069.77
2020-06-23,75069.77
2020-06-24,75069.77
2020-06-25,75069.77
2020-06-26,75069.77
2020-06-29,79376.1
2020-06-30,81354.68
2020-07-01,79725.26
2020-07-02,79259.71
2020-07-06,81121.9
2020-07-07,77048.35
2020-07-08,77863.06
2020-07-09,75418.93
2020-07-10,77164.74
2020-07-13,75884.48
2020-07-14,76815.58
2020-07-15,79725.26
2020-07-16,77746.67
2020-07-17,79841.65
2020-07-20,79725.26
2020-07-21,79608.87
2020-07-22,79143.33
2020-07-23,79143.33
2020-07-24,76699.19
2020-07-27,79143.33
2020-07-28,76931.97
2020-07-29,77863.06
2020-07-30,76699.19
2020-07-31,76699.19
2020-08-03,78212.22
2020-08-04,79608.87
2020-08-05,82169.39
2020-08-06,72974.8
2020-08-07,72276.48
2020-08-10,72160.09
2020-08-11,71578.15
2020-08-12,70065.12
2020-08-13,70996.22
2020-08-14,69366.8
2020-08-17,67620.99
2020-08-18,64711.31
2020-08-19,63314.66
2020-08-20,62034.4
2020-08-21,63431.04
2020-08-24,62034.4
2020-08-25,61336.08
2020-08-26,63780.21
2020-08-27,61801.62
2020-08-28,62965.5
2020-08-31,63896.59
2020-09-01,62383.56
2020-09-02,65060.47
2020-09-03,62965.5
2020-09-04,62965.5
2020-09-08,60521.36
2020-09-09,62849.11
2020-09-10,62034.4
2020-09-11,60754.14
2020-09-14,62150.79
2020-09-15,61336.08
2020-09-16,62150.79
2020-09-17,60637.75
2020-09-18,61918.01
2020-09-21,58310.01
2020-09-22,57960.85
2020-09-23,55051.16
2020-09-24,54236.45
2020-09-25,54120.07
2020-09-28,55749.49
2020-09-29,57262.52
2020-09-30,57146.13
2020-10-01,56796.97
2020-10-02,56680.58
2020-10-05,58077.23
2020-10-06,62499.95
2020-10-07,74022.29
2020-10-08,74022.29
2020-10-09,74022.29
2020-10-12,74022.29
2020-10-13,74022.29
2020-10-14,74022.29
2020-10-15,74022.29
2020-10-16,73493.23
2020-10-19,71694.54
2020-10-20,72223.58
2020-10-21,71377.12
2020-10-22,73958.8
2020-10-23,75482.41
2020-10-26,75969.14
2020-10-27,77006.04
2020-10-28,74466.68
2020-10-29,74932.22
2020-10-30,73472.09
2020-11-02,74995.69
2020-11-03,77175.35
2020-11-04,75842.16
2020-11-05,78762.43
2020-11-06,77915.97
2020-11-09,84264.37
2020-11-10,93027.87
2020-11-11,94291.83
2020-11-12,93701.99
2020-11-13,97662.41
2020-11-16,101622.84
2020-11-17,107352.81
2020-11-18,107352.81
2020-11-19,107352.81
2020-11-20,107352.81
2020-11-23,107352.81
2020-11-24,107352.81
2020-11-25,113787.7
2020-11-27,112061.26
2020-11-30,111276.53
2020-12-01,120693.43
2020-12-02,124931.05
2020-12-03,126029.68
2020-12-04,126029.68
2020-12-07,132464.57
2020-12-08,133563.22
2020-12-09,126657.47
2020-12-10,133720.17
2020-12-11,134034.06
2020-12-14,129639.51
2020-12-15,142980.12
2020-12-16,142980.12
2020-12-17,142980.12
2020-12-18,142980.12
2020-12-21,142980.12
2020-12-22,142980.12
2020-12-23,142980.12
2020-12-24,142980.12
2020-12-28,142980.12
2020-12-29,142980.12
2020-12-30,142980.12
2020-12-31,142980.12
2021-01-04,142980.12
2021-01-05,142980.12
2021-01-06,142980.12
2021-01-07,142980.12
2021-01-08,142980.12
2021-01-11,142980.12
2021-01-12,147788.96
2021-01-13,148908.25
2021-01-14,150483.56
2021-01-15,147913.33
2021-01-19,148120.6
2021-01-20,146752.58
2021-01-21,143850.69
2021-01-22,139912.41
2021-01-25,140948.8
2021-01-26,140865.88
2021-01-27,139622.22
2021-01-28,138751.66
2021-01-29,136678.88
2021-02-01,140326.96
2021-02-02,141860.82
2021-02-03,145757.64
2021-02-04,149654.45
2021-02-05,149737.36
2021-02-08,153841.47
2021-02-09,153095.27
2021-02-10,152722.17
2021-02-11,150773.75
2021-02-12,149074.08
2021-02-16,150483.56
2021-02-17,150027.55
2021-02-18,147830.41
2021-02-19,149156.99
2021-02-22,154877.86
2021-02-23,154546.2
2021-02-24,156121.52
2021-02-25,151312.68
2021-02-26,152805.08
2021-03-01,152100.33
2021-03-02,152183.24
2021-03-03,153385.45
2021-03-04,154048.74
2021-03-05,155250.96
2021-03-08,160930.36
2021-03-09,166258.85
2021-03-10,164081.34
2021-03-11,172868.22
2021-03-12,170332.05
2021-03-15,167078.61
2021-03-16,168436.35
2021-03-17,174405.27
2021-03-18,161442.72
2021-03-19,165490.31
2021-03-22,162749.21
2021-03-23,156267.94
2021-03-24,149709.81
2021-03-25,151964.17
2021-03-26,151759.23
2021-03-29,146738.15
2021-03-30,143228.53
2021-03-31,145047.39
2021-04-01,147301.75
2021-04-05,146020.86
2021-04-06,144048.3
2021-04-07,138950.38
2021-04-08,138566.11
2021-04-09,135748.17
2021-04-12,132930.22
2021-04-13,132469.1
2021-04-14,137182.76
2021-04-15,134749.07
2021-04-16,136900.96
2021-04-19,133032.69
2021-04-20,129702.39
2021-04-21,139872.61
2021-04-22,135440.75
2021-04-23,135491.99
2021-04-26,150401.49
2021-04-27,154705.26
2021-04-28,153040.11
2021-04-29,158266.12
2021-04-30,154884.58
2021-05-03,157676.91
2021-05-04,148787.58
2021-05-05,148966.9
2021-05-06,144381.33
2021-05-07,145918.39
2021-05-10,139334.64
2021-05-11,146097.71
2021-05-12,146046.48
2021-05-13,153783.02
2021-05-14,149658.57
2021-05-17,151041.93
2021-05-18,148685.1
2021-05-19,142306.29
2021-05-20,142306.29
2021-05-21,141845.17
2021-05-24,140974.17
2021-05-25,140077.56
2021-05-26,144048.3
2021-05-27,154987.06
2021-05-28,155525.02
2021-06-01,158061.18
2021-06-02,155140.76
2021-06-03,158061.18
2021-06-04,157087.71
2021-06-07,167129.84
2021-06-08,168403.29
2021-06-09,167061.06
2021-06-10,163894.66
2021-06-11,166820.13
2021-06-14,164376.48
2021-06-15,165202.5
2021-06-16,160900.35
2021-06-17,156942.4
2021-06-18,154120.19
2021-06-21,156839.09
2021-06-22,156013.11
2021-06-23,155255.97
2021-06-24,155462.44
2021-06-25,154946.17
2021-06-28,153431.86
2021-06-29,151710.99
2021-06-30,153301.04
2021-07-01,154130.61
2021-07-02,152886.23
2021-07-06,150017.23
2021-07-07,148288.93
2021-07-08,147148.24
2021-07-09,148980.26
2021-07-12,152920.79
2021-07-13,152436.88
2021-07-14,155755.2
2021-07-15,160974.73
2021-07-16,160456.17
2021-07-19,154199.74
2021-07-20,159280.97
2021-07-21,158002.0
2021-07-22,156861.31
2021-07-23,158693.33
2021-07-26,159557.49
2021-07-27,158105.74
2021-07-28,160732.76
2021-07-29,162530.22
2021-07-30,160698.21
2021-08-02,156619.39
2021-08-03,163117.83
2021-08-04,161354.96
2021-08-05,161424.08
2021-08-06,162461.07
2021-08-09,161631.48
2021-08-10,162910.45
2021-08-11,165641.13
2021-08-12,168271.44
2021-08-13,158234.69
2021-08-16,146882.76
2021-08-17,145498.39
2021-08-18,140514.61
2021-08-19,137815.07
2021-08-20,149236.21
2021-08-23,171593.97
2021-08-24,172286.15
2021-08-25,175331.79
2021-08-26,161003.45
2021-08-27,166125.66
2021-08-30,168755.97
2021-08-31,177754.45
2021-09-01,191805.91
2021-09-02,186337.61
2021-09-03,184745.58
2021-09-07,183776.5
2021-09-08,180938.52
2021-09-09,185576.2
2021-09-10,189590.9
2021-09-13,190213.87
2021-09-14,181146.19
2021-09-15,191875.13
2021-09-16,197481.88
2021-09-17,205718.93
2021-09-20,202327.2
2021-09-21,216032.57
2021-09-22,213817.56
2021-09-23,228145.9
2021-09-24,231191.55
2021-09-27,239843.93
2021-09-28,230014.81
2021-09-29,236521.39
2021-09-30,228145.9
2021-10-01,237282.8
2021-10-04,235370.09
2021-10-05,234945.05
2021-10-06,235582.62
2021-10-07,240789.45
2021-10-08,236857.77
2021-10-11,234945.05
2021-10-12,233032.33
2021-10-13,231650.92
2021-10-14,237282.8
2021-10-15,235901.41
2021-10-18,237282.8
2021-10-19,236964.01
2021-10-20,237707.86
2021-10-21,241001.97
2021-10-22,241745.8
2021-10-25,247058.9
2021-10-26,243552.26
2021-10-27,243658.52
2021-10-28,246633.84
2021-10-29,247271.43
2021-11-01,249609.18
2021-11-02,257685.09
2021-11-03,265885.1
2021-11-04,257685.09
2021-11-05,267935.09
2021-11-08,266705.1
2021-11-09,262810.09
2021-11-10,253380.09
2021-11-11,254610.09
2021-11-12,256455.1
2021-11-15,256250.09
2021-11-16,250100.09
2021-11-17,247435.08
2021-11-18,240875.09
2021-11-19,231445.08
2021-11-22,240055.09
2021-11-23,250510.1
2021-11-24,245180.09
2021-11-26,238005.08
2021-11-29,237800.09
2021-11-30,226935.08
2021-12-01,223450.07
2021-12-02,236775.09
2021-12-03,233700.08
2021-12-06,238825.08
2021-12-07,238005.08
2021-12-08,233905.08
2021-12-09,230830.09
2021-12-10,231855.09
2021-12-13,231240.08
2021-12-14,234110.09
2021-12-15,238005.08
2021-12-16,237800.09
2021-12-17,240465.08
2021-12-20,225295.08
2021-12-21,235135.09
2021-12-22,237595.09
2021-12-23,236570.09
2021-12-27,244155.09
2021-12-28,241900.09
2021-12-29,245385.1
2021-12-30,243335.09
2021-12-31,246615.08
2022-01-03,249485.09
2022-01-04,258095.1
2022-01-05,236319.23
2022-01-06,238072.99
2022-01-07,220194.39
2022-01-10,236173.09
2022-01-11,230034.94
2022-01-12,229937.5
2022-01-13,223019.88
2022-01-14,221655.85
2022-01-18,212351.18
2022-01-19,208551.37
2022-01-20,210158.97
2022-01-21,203484.95
2022-01-24,216297.15
2022-01-25,208161.64
2022-01-26,191354.76
2022-01-27,177081.1
2022-01-28,183025.53
2022-01-31,192590.22
2022-02-01,193081.84
2022-02-02,193305.39
2022-02-03,187427.95
2022-02-04,184790.98
2022-02-07,185595.52
2022-02-08,187025.69
2022-02-09,191450.5
2022-02-10,191271.73
2022-02-11,183383.07
2022-02-14,183874.71
2022-02-15,197193.77
2022-02-16,199138.02
2022-02-17,193231.67
2022-02-18,193142.2
2022-02-22,187079.24
2022-02-23,185289.44
2022-02-24,192940.83
2022-02-25,196945.52
2022-02-28,192068.31
2022-03-01,190390.36
2022-03-02,197639.04
2022-03-03,193254.05
2022-03-04,184193.16
2022-03-07,181732.18
2022-03-08,182694.21
2022-03-09,192940.83
2022-03-10,187884.68
2022-03-11,186766.02
2022-03-14,175445.48
2022-03-15,185110.43
2022-03-16,192336.81
2022-03-17,201934.58
2022-03-18,201934.58
2022-03-21,201934.58
2022-03-22,201934.58
2022-03-23,201934.58
2022-03-24,203862.97
2022-03-25,205265.39
2022-03-28,197674.63
2022-03-29,197779.83
2022-03-30,194676.92
2022-03-31,190171.59
2022-04-01,193414.72
2022-04-04,193274.5
2022-04-05,188804.2
2022-04-06,185964.24
2022-04-07,187804.96
2022-04-08,190890.34
2022-04-11,192994.0
2022-04-12,190504.65
2022-04-13,191223.4
2022-04-14,192152.55
2022-04-18,191679.21
2022-04-19,195798.89
2022-04-20,196657.91
2022-04-21,191644.13
2022-04-22,185192.9
2022-04-25,184719.58
2022-04-26,179723.33
2022-04-27,178776.7
2022-04-28,184737.13
2022-04-29,179565.57
2022-05-02,179863.6
2022-05-03,182317.91
2022-05-04,186455.09
2022-05-05,185999.25
2022-05-06,186770.66
2022-05-09,183545.05
2022-05-10,179635.72
2022-05-11,178952.0
2022-05-12,175778.99
2022-05-13,176410.05
2022-05-16,178689.05
2022-05-17,184947.45
2022-05-18,178285.87
2022-05-19,177339.24
2022-05-20,173692.86
2022-05-23,177269.08
2022-05-24,179512.98
2022-05-25,180144.12
2022-05-26,181704.32
2022-05-27,181879.65
2022-05-31,184088.45
2022-06-01,184106.03
2022-06-02,184526.71
2022-06-03,179898.64
2022-06-06,181897.16
2022-06-07,182773.71
2022-06-08,178671.5
2022-06-09,173622.72
2022-06-10,166926.03
2022-06-13,161228.61
2022-06-14,162291.46
2022-06-15,166294.66
2022-06-16,160679.53
2022-06-17,165851.83
2022-06-21,170297.95
2022-06-22,170616.79
2022-06-23,171732.78
2022-06-24,174106.34
2022-06-27,173592.7
2022-06-28,171626.5
2022-06-29,170900.22
2022-06-30,172972.68
2022-07-01,175116.01
2022-07-05,173096.7
2022-07-06,172175.59
2022-07-07,173787.5
2022-07-08,173822.91
2022-07-11,172087.02
2022-07-12,171431.62
2022-07-13,169341.42
2022-07-14,165391.32
2022-07-15,170953.36
2022-07-18,173149.83
2022-07-19,178694.17
2022-07-20,180837.5
2022-07-21,179792.39
2022-07-22,178215.91
2022-07-25,183157.97
2022-07-26,183264.25
2022-07-27,190863.37
2022-07-28,190863.37
2022-07-29,190863.37
2022-08-01,190863.37
2022-08-02,190863.37
2022-08-03,190863.37
2022-08-04,188763.17
2022-08-05,200218.79
2022-08-08,193790.92
2022-08-09,193918.2
2022-08-10,195954.76
2022-08-11,193981.84
2022-08-12,199073.24
2022-08-15,198564.1
2022-08-16,196272.97
2022-08-17,196591.18
2022-08-18,199073.24
2022-08-19,197227.6
2022-08-22,195445.61
2022-08-23,196463.9
2022-08-24,195572.9
2022-08-25,200537.01
2022-08-26,197291.25
2022-08-29,199391.44
2022-08-30,195127.41
2022-08-31,194172.77
2022-09-01,195572.9
2022-09-02,190481.52
2022-09-06,188254.04
2022-09-07,191245.22
2022-09-08,191308.86
2022-09-09,190417.88
2022-09-12,194681.91
2022-09-13,188254.04
2022-09-14,187108.47
2022-09-15,186535.69
2022-09-16,184562.78
2022-09-19,182271.65
2022-09-20,181889.8
2022-09-21,180489.67
2022-09-22,178962.26
2022-09-23,176607.49
2022-09-26,174698.22
2022-09-27,175716.5
2022-09-28,179662.32
2022-09-29,178389.48
2022-09-30,177434.83
2022-10-03,181444.31
2022-10-04,186090.2
2022-10-05,182526.23
2022-10-06,182717.15
2022-10-07,176862.06
2022-10-10,177498.48
2022-10-11,175843.77
2022-10-12,175016.43
2022-10-13,179789.61
2022-10-14,179662.32
2022-10-17,182971.72
2022-10-18,183671.79
2022-10-19,183099.01
2022-10-20,184880.99
2022-10-21,189017.75
2022-10-24,191436.15
2022-10-25,195763.83
2022-10-26,195763.83
2022-10-27,195763.83
2022-10-28,195763.83
2022-10-31,195763.83
2022-11-01,192808.89
2022-11-02,203889.87
2022-11-03,193547.62
2022-11-04,203889.87
2022-11-07,204628.6
2022-11-08,192070.16
2022-11-09,184682.85
2022-11-10,189853.97
2022-11-11,198718.76
2022-11-14,221619.43
2022-11-15,206844.79
2022-11-16,180250.47
2022-11-17,196502.56
2022-11-18,204628.6
2022-11-21,220141.96
2022-11-22,230484.19
2022-11-23,220880.7
2022-11-25,223835.62
2022-11-28,219403.23
2022-11-29,206106.06
2022-11-30,208322.26
2022-12-01,197980.03
2022-12-02,184682.85
2022-12-05,176556.82
2022-12-06,174340.61
2022-12-07,179511.74
2022-12-08,177295.55
2022-12-09,173601.88
2022-12-12,168430.76
2022-12-13,177295.55
2022-12-14,186160.32
2022-12-15,187637.78
2022-12-16,184682.85
2022-12-19,180989.2
2022-12-20,192808.89
2022-12-21,187637.78
2022-12-22,184682.85
2022-12-23,175818.09
2022-12-27,172124.42
2022-12-28,185421.59
2022-12-29,192070.16
2022-12-30,198718.76
2023-01-03,194286.37
2023-01-04,193547.62
2023-01-05,185421.59
2023-01-06,195763.83
2023-01-09,199457.49
2023-01-10,195025.1
2023-01-11,204628.6
2023-01-12,199457.49
2023-01-13,191331.43
2023-01-17,197241.29
2023-01-18,198718.76
2023-01-19,198718.76
2023-01-20,204628.6
2023-01-23,209060.99
2023-01-24,206844.79
2023-01-25,199457.49
2023-01-26,199457.49
2023-01-27,208322.26
2023-01-30,209060.99
2023-01-31,211277.18
2023-02-01,211277.18
2023-02-02,214526.11
2023-02-03,218070.4
2023-02-06,221122.35
2023-02-07,220525.04
2023-02-08,217140.0
2023-02-09,212361.1
2023-02-10,213157.59
2023-02-13,215049.21
2023-02-14,212460.67
2023-02-15,214252.75
2023-02-16,210369.92
2023-02-17,212162.0
2023-02-21,210369.92
2023-02-22,211763.73
2023-02-23,213257.18
2023-02-24,209573.41
2023-02-27,210071.24
2023-02-28,209673.0
2023-03-01,208677.39
2023-03-02,207183.97
2023-03-03,208876.52
2023-03-06,205491.48
2023-03-07,201807.76
2023-03-08,201110.87
2023-03-09,191154.9
2023-03-10,189661.45
2023-03-13,182692.29
2023-03-14,187471.14
2023-03-15,180999.78
2023-03-16,191851.81
2023-03-17,185579.53
2023-03-20,186674.71
2023-03-21,191254.44
2023-03-22,183687.85
2023-03-23,179805.04
2023-03-24,182194.49
2023-03-27,187172.46
2023-03-28,182990.96
2023-03-29,182194.49
2023-03-30,179805.04
2023-03-31,181895.83
2023-04-03,182194.49
2023-04-04,176917.83
2023-04-05,174329.27
2023-04-06,174428.81
2023-04-10,176121.32
2023-04-11,179207.7
2023-04-12,176917.83
2023-04-13,176818.27
2023-04-14,173731.87
2023-04-17,177017.39
2023-04-18,173134.54
2023-04-19,172736.34
2023-04-20,170048.19
2023-04-21,169550.38
2023-04-24,170446.43
2023-04-25,166961.82
2023-04-26,168853.46
2023-04-27,173234.1
2023-04-28,171541.59
2023-05-01,165767.11
2023-05-02,161187.36
2023-05-03,162382.06
2023-05-04,160888.67
2023-05-05,160789.13
2023-05-08,157105.41
2023-05-09,155587.95
2023-05-10,155587.95
2023-05-11,155486.83
2023-05-12,155183.33
2023-05-15,156498.44
2023-05-16,158724.0
2023-05-17,162871.67
2023-05-18,165400.74
2023-05-19,162972.84
2023-05-22,171268.17
2023-05-23,173493.74
2023-05-24,174303.06
2023-05-25,172886.76
2023-05-26,174100.69
2023-05-30,171773.97
2023-05-31,169953.04
2023-06-01,173493.74
2023-06-02,186442.56
2023-06-05,186442.56
2023-06-06,197073.07
2023-06-07,233111.61
2023-06-08,234962.78
2023-06-09,231215.29
2023-06-12,233111.61
2023-06-13,236091.54
2023-06-14,227919.31
2023-06-15,237807.24
2023-06-16,237536.35
2023-06-20,233337.36
2023-06-21,227783.86
2023-06-22,231486.2
2023-06-23,230086.53
2023-06-26,230673.49
2023-06-27,229364.12
2023-06-28,231124.98
2023-06-29,234059.77
2023-06-30,237355.75
2023-07-03,236362.43
2023-07-05,232479.51
2023-07-06,226068.14
2023-07-07,226971.15
2023-07-10,232253.74
2023-07-11,236949.39
2023-07-12,252119.93
2023-07-13,262414.22
2023-07-14,254242.01
2023-07-17,251984.49
2023-07-18,248191.85
2023-07-19,246792.18
2023-07-20,241374.13
2023-07-21,249997.86
2023-07-24,260608.22
2023-07-25,255641.66
2023-07-26,252977.79
2023-07-27,247469.45
2023-07-28,249591.51
2023-07-31,247288.84
2023-08-01,238394.2
2023-08-02,236136.68
2023-08-03,213471.17
2023-08-04,218302.26
2023-08-07,210716.99
2023-08-08,211258.81
2023-08-09,205118.35
2023-08-10,199113.34
2023-08-11,196946.12
2023-08-14,191347.48
2023-08-15,191844.13
2023-08-16,187645.14
2023-08-17,187961.19
2023-08-18,194372.55
2023-08-21,190579.91
2023-08-22,190579.91
2023-08-23,196449.46
2023-08-24,192747.13
2023-08-25,188412.69
2023-08-28,193469.53
2023-08-29,202725.38
2023-08-30,198706.98
2023-08-31,195772.22
2023-09-01,194417.71
2023-09-05,189451.15
2023-09-06,186516.38
2023-09-07,190263.86
2023-09-08,197984.58
2023-09-11,201416.02
2023-09-12,202725.38
2023-09-13,198300.63
2023-09-14,193559.84
2023-09-15,195772.22
2023-09-18,189676.9
2023-09-19,186651.83
2023-09-20,183626.74
2023-09-21,177847.49
2023-09-22,177937.8
2023-09-25,185793.98
2023-09-26,182723.75
2023-09-27,180014.71
2023-09-28,180556.53
2023-09-29,181414.38
2023-10-02,178840.81
2023-10-03,177666.89
2023-10-04,175048.17
2023-10-05,171029.79
2023-10-06,173874.25
2023-10-09,182904.34
2023-10-10,190534.77
2023-10-11,186787.27
2023-10-12,177892.65
2023-10-13,182452.84
2023-10-16,193424.39
2023-10-17,197668.52
2023-10-18,192295.63
2023-10-19,192476.24
2023-10-20,188367.55
2023-10-23,187599.98
2023-10-24,193559.84
2023-10-25,175048.17
2023-10-26,172655.21
2023-10-27,174054.86
2023-10-30,184936.11
2023-10-31,188819.05
2023-11-01,195591.61
2023-11-02,162586.65
2023-11-03,168800.08
2023-11-06,169200.94
2023-11-07,166807.54
2023-11-08,164767.84
2023-11-09,161101.09
2023-11-10,168245.94
2023-11-13,168045.51
2023-11-14,180177.62
2023-11-15,180413.42
2023-11-16,185270.97
2023-11-17,190387.91
2023-11-20,198334.5
2023-11-21,203781.56
2023-11-22,203222.1
2023-11-24,202238.32
2023-11-27,200692.36
2023-11-28,199146.39
2023-11-29,198443.69
2023-11-30,195492.34
2023-12-01,198865.31
2023-12-04,202800.46
2023-12-05,197319.37
2023-12-06,195351.79
2023-12-07,197459.91
2023-12-08,197740.98
2023-12-11,201395.05
2023-12-12,202659.88
2023-12-13,205892.36
2023-12-14,205049.15
2023-12-15,205189.65
2023-12-18,205892.36
2023-12-19,207438.32
2023-12-20,205470.74
2023-12-21,207578.89
2023-12-22,207016.66
2023-12-26,204627.51
2023-12-27,205751.81
2023-12-28,206454.53
2023-12-29,204908.57
2024-01-02,203643.7
2024-01-03,202238.32
2024-01-04,200551.82
2024-01-05,199286.96
2024-01-08,199427.49
2024-01-09,196476.1
2024-01-10,196054.5
2024-01-11,193805.84
2024-01-12,193665.32
2024-01-16,188886.94
2024-01-17,191135.59
2024-01-18,190995.04
2024-01-19,192540.99
2024-01-22,194227.48
2024-01-23,192681.53
2024-01-24,189870.71
2024-01-25,189730.18
2024-01-26,192540.99
2024-01-29,192540.99
2024-01-30,194227.48
2024-01-31,190854.51
2024-02-01,191276.13
2024-02-02,191416.65
2024-02-05,187762.57
2024-02-06,192540.99
2024-02-07,194508.56
2024-02-08,197178.84
2024-02-09,200411.27
2024-02-12,200973.46
2024-02-13,199849.11
2024-02-14,201254.5
2024-02-15,205751.81
2024-02-16,205470.74
2024-02-20,206314.0
2024-02-21,207016.66
2024-02-22,207016.66
2024-02-23,203381.45
2024-02-26,198980.93
2024-02-27,197832.92
2024-02-28,195919.65
2024-02-29,194771.68
2024-03-01,198980.93
2024-03-04,200894.21
2024-03-05,197832.92
2024-03-06,202042.12
2024-03-07,203190.11
2024-03-08,203190.11
2024-03-11,204912.04
2024-03-12,201850.87
2024-03-13,201276.87
2024-03-14,196876.31
2024-03-15,199554.9
2024-03-18,199172.23
2024-03-19,198598.24
2024-03-20,203190.11
2024-03-21,205868.72
2024-03-22,199937.54
2024-03-25,198598.24
2024-03-26,195572.93
2024-03-27,199476.58
2024-03-28,202989.89
2024-04-01,200452.52
2024-04-02,199866.94
2024-04-03,202404.29
2024-04-04,202599.46
2024-04-05,202404.29
2024-04-08,205722.42
2024-04-09,211187.5
2024-04-10,203185.04
2024-04-11,205136.85
2024-04-12,202209.14
2024-04-15,198500.69
2024-04-16,196548.87
2024-04-17,197329.55
2024-04-18,199671.73
2024-04-19,204941.72
2024-04-22,209235.71
2024-04-23,213993.68
2024-04-24,213396.06
2024-04-25,215556.71
2024-04-26,220567.48
2024-04-29,224383.04
2024-04-30,220291.69
2024-05-01,220843.35
2024-05-02,219808.99
2024-05-03,225233.51
2024-05-06,230129.41
2024-05-07,233163.48
2024-05-08,233462.26
2024-05-09,234220.81
2024-05-10,234749.44
2024-05-13,234611.59
2024-05-14,240357.87
2024-05-15,241122.86
2024-05-16,238827.9
2024-05-17,238674.91
2024-05-20,230719.08
2024-05-21,242805.82
2024-05-22,238674.91
2024-05-23,235614.97
2024-05-24,236073.97
2024-05-28,233167.02
2024-05-29,230107.09
2024-05-30,231943.05
2024-05-31,234390.99
2024-06-03,230566.08
2024-06-04,233320.02
2024-06-05,234238.01
2024-06-06,234850.0
2024-06-07,230107.09
2024-06-10,233779.01
2024-06-11,232861.04
2024-06-12,230566.08
2024-06-13,229648.1
2024-06-14,230107.09
2024-06-17,233167.02
2024-06-18,229801.1
2024-06-20,229801.1
2024-06-21,230107.09
2024-06-24,226588.17
2024-06-25,229495.1
2024-06-26,229495.1
2024-06-27,229954.09
2024-06-28,230566.08
2024-07-01,229495.1
2024-07-02,229801.1
2024-07-03,229495.1
2024-07-05,227659.14
2024-07-08,228424.13
2024-07-09,218173.35
2024-07-10,222151.27
2024-07-11,230107.09
2024-07-12,229801.1
2024-07-15,241122.86
2024-07-16,241122.86
2024-07-17,241122.86
2024-07-18,241122.86
2024-07-19,241122.86
2024-07-22,241122.86
2024-07-23,247603.69
2024-07-24,234227.71
2024-07-25,233310.32
2024-07-26,237068.63
2024-07-29,247366.94
2024-07-30,257014.23
2024-07-31,259292.89
2024-08-01,303060.77
2024-08-02,284288.28
2024-08-05,279021.19
2024-08-06,278886.13
2024-08-07,272200.98
2024-08-08,292931.74
2024-08-09,289285.28
2024-08-12,289217.76
2024-08-13,296780.77
2024-08-14,294147.22
2024-08-15,315148.07
2024-08-16,312784.64
2024-08-19,317173.9
2024-08-20,312379.47
2024-08-21,321630.67
2024-08-22,307585.06
2024-08-23,315013.04
2024-08-26,302993.23
2024-08-27,304343.78
2024-08-28,296645.71
2024-08-29,296510.66
2024-08-30,301980.34
2024-09-03,274024.21
2024-09-04,274564.41
2024-09-05,270040.12
2024-09-06,255656.88
2024-09-09,261734.29
2024-09-10,267203.98
2024-09-11,278683.56
2024-09-12,267541.61
2024-09-13,275982.47
2024-09-16,268622.04
2024-09-17,260991.51
2024-09-18,258560.54
2024-09-19,264975.6
2024-09-20,260518.83
2024-09-23,260518.83
2024-09-24,261059.03
2024-09-25,258898.17
2024-09-26,286786.79
2024-09-27,284423.33
2024-09-30,285098.62
2024-10-01,270985.49
2024-10-02,272336.04
2024-10-03,271593.24
2024-10-04,277197.96
2024-10-07,277197.96
2024-10-08,278008.27
2024-10-09,284896.02
2024-10-10,286584.19
2024-10-11,297456.03
2024-10-14,304276.26
2024-10-15,292188.94
2024-10-16,292121.4
2024-10-17,288339.91
2024-10-18,278075.81
2024-10-21,281114.53
2024-10-22,280844.41
2024-10-23,279561.41
2024-10-24,283883.13
2024-10-25,293742.05
2024-10-28,302520.55
2024-10-29,299506.44
2024-10-30,317115.14
2024-10-31,319811.97
2024-11-01,330599.28
2024-11-04,326157.44
2024-11-05,378031.71
2024-11-06,397620.28
2024-11-07,389587.59
2024-11-08,389446.6
2024-11-11,394590.37
2024-11-12,401988.93
2024-11-13,400791.12
2024-11-14,392194.66
2024-11-15,391067.24
2024-11-18,394590.37
2024-11-19,393110.66
2024-11-20,392546.95
2024-11-21,394097.12
2024-11-22,399945.51
2024-11-25,409528.41
2024-11-26,406921.3
2024-11-27,406850.89
2024-11-29,407132.71
2024-12-02,403734.06
2024-12-03,402601.16
2024-12-04,398706.84
2024-12-05,399344.09
2024-12-06,397503.15
2024-12-09,387519.53
2024-12-10,390564.21
2024-12-11,393042.38
2024-12-12,392334.33
2024-12-13,390776.58
2024-12-16,393892.08
2024-12-17,386811.51
2024-12-18,373358.4
2024-12-19,374632.9
2024-12-20,377111.1
2024-12-23,378102.37
2024-12-24,381217.84
2024-12-26,385324.53
2024-12-27,382775.57
2024-12-30,383271.19
2024-12-31,385466.16
2025-01-02,385749.39
2025-01-03,389502.08
2025-01-06,379518.5
2025-01-07,383696.04
2025-01-08,389714.51
2025-01-10,385749.39
2025-01-13,393042.38
2025-01-14,400760.16
2025-01-15,408265.61
2025-01-16,402578.71
2025-01-17,395833.8
2025-01-21,398015.96
2025-01-22,421424.78
2025-01-23,429492.21
2025-01-24,423739.23
2025-01-27,418581.34
2025-01-28,436038.78
2025-01-29,444172.32
2025-01-30,449528.61
2025-01-31,432930.82
2025-02-03,440403.11
2025-02-04,444040.09
2025-02-05,445362.6
2025-02-06,425590.77
2025-02-07,415076.64
2025-02-10,412299.31
2025-02-11,408530.09
2025-02-12,410315.51
2025-02-13,413423.47
2025-02-14,405554.42
2025-02-18,406414.04
2025-02-19,425260.11
2025-02-20,414415.36
2025-02-21,393254.87
2025-02-24,397817.59
2025-02-25,394577.38
2025-02-26,392329.1
2025-02-27,380889.17
2025-02-28,366804.23
2025-03-03,336253.72
2025-03-04,342734.15
2025-03-05,351066.09
2025-03-06,341080.99
2025-03-07,332682.91
2025-03-10,317804.42
2025-03-11,325607.36
2025-03-12,312382.04
2025-03-13,303653.31
2025-03-14,307753.18
2025-03-17,324152.57
2025-03-18,320383.36
2025-03-19,335327.95
2025-03-20,328715.29
2025-03-21,325673.48
2025-03-24,342734.15
2025-03-25,335261.84
2025-03-26,335394.1
2025-03-27,335063.44
2025-03-28,326929.87
2025-03-31,328781.44
2025-04-01,334732.81
2025-04-02,347230.74
2025-04-03,327392.76
2025-04-04,322036.52
2025-04-07,325937.99
2025-04-08,316746.4
2025-04-09,354372.42
2025-04-10,350470.95
2025-04-11,353182.14
2025-04-14,352851.51
2025-04-15,350999.98
2025-04-16,334071.56
2025-04-17,329178.18
2025-04-21,313175.56
2025-04-22,318597.93
2025-04-23,324086.43
2025-04-24,333608.67
2025-04-25,332352.25
2025-04-28,337444.0
2025-04-29,344321.18
2025-04-30,346371.11
2025-05-01,345246.94
2025-05-02,352983.77
2025-05-05,351330.6
2025-05-06,352454.74
2025-05-07,363497.9
2025-05-08,374720.34
2025-05-09,367877.39
2025-05-12,406745.39
2025-05-13,416599.26
2025-05-14,419062.73
2025-05-15,420705.03
2025-05-16,423989.64
2025-05-19,405376.82
2025-05-20,406197.96
2025-05-21,371162.03
2025-05-22,378004.99
2025-05-23,373078.05
2025-05-27,381563.3
2025-05-28,378826.13
2025-05-29,388132.56
2025-05-30,388406.26
2025-06-02,384574.22
2025-06-03,394701.79
2025-06-04,393880.65
2025-06-05,388406.26
2025-06-06,402092.17
2025-06-09,400997.3
2025-06-10,412219.77
2025-06-11,414135.79
2025-06-12,408661.43
2025-06-13,398260.13
2025-06-16,402639.62
2025-06-17,394975.52
2025-06-18,400723.6
2025-06-20,401818.48
2025-06-23,403734.5
2025-06-24,418515.28
2025-06-25,406197.96
2025-06-26,417146.69
2025-06-27,413040.92
2025-06-30,403734.5
2025-07-01,416051.81
2025-07-02,420978.75
2025-07-03,427547.98
2025-07-07,420978.75
2025-07-08,432748.65
2025-07-09,451101.34
2025-07-10,455689.55
2025-07-11,454855.31
2025-07-14,450892.82
2025-07-15,436919.73
2025-07-16,441716.46
2025-07-17,447347.41
2025-07-18,438588.16
2025-07-21,438171.04
2025-07-22,435876.94
2025-07-23,449850.03
2025-07-24,438379.6
2025-07-25,437336.81
2025-07-28,433791.4
2025-07-29,438379.6
2025-07-30,443802.0
2025-07-31,444844.75
2025-08-01,440465.15
2025-08-04,453186.89
2025-08-05,463406.01
2025-08-06,454438.24
2025-08-07,409599.19
2025-08-08,414187.39
2025-08-11,410433.42
2025-08-12,424197.95
2025-08-13,421069.66
2025-08-14,418567.0
2025-08-15,421903.85
2025-08-18,421903.85
2025-08-19,422320.97
2025-08-20,424197.95
2025-08-21,428786.12
2025-08-22,439630.91
2025-08-25,430037.47
2025-08-26,415855.82
2025-08-27,421069.66
2025-08-28,425032.15
2025-08-29,429411.79
2025-09-02,428369.04
2025-09-03,412727.52
2025-09-04,412936.04
2025-09-05,423155.2
2025-09-08,418775.56
2025-09-09,417107.13
2025-09-10,411684.73
2025-09-11,422320.97
2025-09-12,416481.45
2025-09-15,412101.85
2025-09-16,418567.0
2025-09-17,417524.25
2025-09-18,425449.26
2025-09-19,412518.97
2025-09-22,418149.88
2025-09-23,412518.97
2025-09-24,410850.54
2025-09-25,398962.95
2025-09-26,407096.57
2025-09-29,407722.2
2025-09-30,410850.54
2025-10-01,436085.5
2025-10-02,437809.17
2025-10-03,440681.93
2025-10-06,440107.37
2025-10-07,429478.14
2025-10-08,431776.34
2025-10-09,426318.11
2025-10-10,416550.71
2025-10-13,422583.51
2025-10-14,423732.61
2025-10-15,428329.04
2025-10-16,408506.98
2025-10-17,411954.28
2025-10-20,416838.01
2025-10-21,424019.9
2025-10-22,423158.07
2025-10-23,419136.21
2025-10-24,422296.24
2025-10-27,410230.64
2025-10-28,416838.01
2025-10-29,407645.15
2025-10-30,411954.28
2025-10-31,406208.78
2025-11-03,408794.25
2025-11-04,405059.68
2025-11-05,400750.52
2025-11-06,392706.78
2025-11-07,392419.49
2025-11-10,395866.79
2025-11-11,398452.31
2025-11-12,406208.78
2025-11-13,400463.22
2025-11-14,397015.92
2025-11-17,386099.42
2025-11-18,389259.46
2025-11-19,387535.79
2025-11-20,381790.26
2025-11-21,384950.32
2025-11-24,382652.09
2025-11-25,385812.15
2025-11-26,394717.69
2025-11-28,396441.38
2025-12-01,392132.19
2025-12-02,415976.15
2025-12-03,426318.11
2025-12-04,431776.34
2025-12-05,420513.06
2025-12-08,419596.92
2025-12-09,426818.32
2025-12-10,415608.98
2025-12-11,426872.22
2025-12-12,448159.27
2025-12-15,450799.93
2025-12-16,440183.35
2025-12-17,443470.72
2025-12-18,465458.34
2025-12-19,461901.5
2025-12-22,450153.22
2025-12-23,457805.76
2025-12-24,458668.04
2025-12-26,451392.73
2025-12-29,441476.73
2025-12-30,430860.16
2025-12-31,437434.89
2026-01-02,449829.88
2026-01-05,450045.45
2026-01-06,484050.79
2026-01-07,487984.87
2026-01-08,494721.27
2026-01-09,515911.83
2026-01-12,524528.24
2026-01-13,523868.59
2026-01-14,515540.8
2026-01-15,543616.22
2026-01-16,564312.08
2026-01-20,562168.27
2026-01-21,592346.23
2026-01-22,608177.36
2026-01-23,601869.67
2026-01-26,612176.36
2026-01-27,605621.26
2026-01-28,605621.26
2026-01-29,728559.52
2026-01-30,728559.52
2026-02-02,733116.58
2026-02-03,682988.94
2026-02-04,659064.39
2026-02-05,642545.06
2026-02-06,652228.81
2026-02-09,639696.88
2026-02-10,646532.52
2026-02-11,621468.67
2026-02-12,609506.39
2026-02-13,618620.5
2026-02-17,626595.37
2026-02-18,653368.1
2026-02-19,652798.45
2026-02-20,614063.45
2026-02-23,593556.71
2026-02-24,616341.97
2026-02-25,666469.61
2026-02-26,721723.94
2026-02-27,897170.64
2026-03-02,954133.86
2026-03-03,966096.08
2026-03-04,971222.78
2026-03-05,1074326.28
2026-03-06,1025973.28
2026-03-09,1026529.01
2026-03-10,1042646.74
2026-03-11,1009855.65
2026-03-12,975952.9
2026-03-13,977064.46
2026-03-16,967616.17
2026-03-17,974285.62
2026-03-18,958723.71
2026-03-19,972618.23
2026-03-20,957056.32
2026-03-23,937604.02
2026-03-24,907035.94
2026-03-25,918151.62
2026-03-26,893141.42
2026-03-27,896476.09
2026-03-30,894253.03
2026-03-31,928155.74
2026-04-01,962614.22
2026-04-02,935936.63
2026-04-06,971506.67
2026-04-07,964837.33
2026-04-08,1017636.55
2026-04-09,1030419.62
2026-04-10,1025103.78
2026-04-13,1011674.49
2026-04-14,994328.33
2026-04-15,1086654.8
2026-04-16,1072665.93
2026-04-17,1086654.8
2026-04-20,1112394.25
2026-04-21,1080499.66
2026-04-22,1046926.37
2026-04-23,1017829.62
2026-04-24,1002162.06
2026-04-27,1001042.92
2026-04-28,971946.17
2026-04-29,957957.31
2026-04-30,974743.9
2026-05-01,947885.31
2026-05-04,917669.32
2026-05-05,932217.75
2026-05-06,946206.61
2026-05-07,931098.61
2026-05-08,933336.88
2026-05-11,868428.57
2026-05-12,876262.3
2026-05-13,862833.01
2026-05-14,868988.09
2026-05-15,855558.79
2026-05-18,831497.93
2026-05-19,859475.66
2026-05-20,917669.32
2026-05-21,926062.61
2026-05-22,924943.59
2026-05-26,958516.77
2026-05-27,982577.63
2026-05-28,1002721.62
2026-05-29,884096.08
2026-06-01,903120.89
2026-06-02,897525.43
2026-06-03,914312.02
2026-06-04,932217.75
2026-06-05,919907.56
